row,date,label
Ontario,2017-04-20,FBT 15% (Greater Golden Horseshoe)
Ontario,2022-03-30,FBT 20% (province-wide)
Ontario,2022-10-25,FBT 25% (province-wide)
British Columbia,2015-06-01,British Columbia starts collecting buyer citizenship data
British Columbia,2016-08-02,FBT 15% (Metro Vancouver)
British Columbia,2018-02-20,FBT to 20% (Five regions) + Speculation and Vacancy Tax introduced
British Columbia,2020-11-30,Land Owner Transparency Registry launched
Federal,2019-10-01,First time homebuyer shared equity incentive launched
Federal,2022-01-01,Vacant foreign owned homes tax 1%
Federal,2023-01-01,Two year ban on foreign homebuyers
