group,mode,p10,p25,p50,p75,p90
Children (0-14),Transit,9.84,12.98,17.55,21.58,26.12
Children (0-14),Walk,10.23,14.07,19.85,27.84,37.43
First-gen. immigrants,Transit,9.69,13.09,17.75,21.96,26.35
First-gen. immigrants,Walk,10.01,14.11,20.18,28.28,37.99
Low income,Transit,9.58,12.76,17.42,21.64,26.18
Low income,Walk,9.88,13.7,19.68,27.77,37.53
Recent immigrants,Transit,9.37,12.78,17.43,21.43,25.76
Recent immigrants,Walk,9.73,13.65,19.45,27.46,36.96
Seniors (65+),Transit,9.74,12.89,17.65,22.04,26.61
Seniors (65+),Walk,10.06,13.94,20.13,28.28,38.03
Total population,Transit,9.52,12.65,17.18,21.43,26.16
Total population,Walk,9.83,13.55,19.38,27.37,37.21
Visible minority,Transit,9.82,13.38,17.93,22.12,26.43
Visible minority,Walk,10.15,14.45,20.56,28.59,38.1
